Date,Transaction,Debit,Credit,account
2024-06-28,Branch Transaction SERVICE CHARGE CAPPED MONTHLY FEE$16.95 RECORD-KEEPING N/A,16.95,,chequing
2024-06-28,Point of Sale - Interac RETAIL PURCHASE 000001001980 WALMART STORE #,22.24,,chequing
2024-06-28,Point of Sale - Interac RETAIL PURCHASE 000001001590 WALMART STORE #,16.83,,chequing
2024-06-28,Point of Sale - Interac RETAIL PURCHASE 000001001358 WALMART STORE #,3.3,,chequing
2024-06-28,Point of Sale - Interac RETAIL PURCHASE 000001001351 WALMART STORE #,4.34,,chequing
2024-06-27,Point of Sale - Interac RETAIL PURCHASE 000001001037 WALMART STORE #,6.81,,chequing
2024-06-26,Point of Sale - Interac RETAIL PURCHASE 000001001808 WALMART STORE #,7.37,,chequing
2024-06-26,Point of Sale - Interac RETAIL PURCHASE 000001001009 WALMART STORE #,5.9,,chequing
2024-06-26,Point of Sale - Interac RETAIL PURCHASE 417808109688 MCDONALD'S #400,1.33,,chequing
2024-06-26,Point of Sale - Interac RETAIL PURCHASE 000001001772 WALMART STORE #,9.94,,chequing
2024-06-25,Point of Sale - Interac RETAIL PURCHASE 417715222247 TIM HORTONS #26,3.66,,chequing
2024-06-25,Point of Sale - Interac RETAIL PURCHASE 000001033037 PANAGO #167 WHI,5.65,,chequing
2024-06-25,Point of Sale - Interac RETAIL PURCHASE 000001001385 WALMART STORE #,1.65,,chequing
2024-06-25,Point of Sale - Interac RETAIL PURCHASE 417710262245 MCDONALD'S #400,1.33,,chequing
2024-06-25,Point of Sale - Visa Debit VISA DEBIT RETAIL PURCHASE REMITLY* B96FA 417703150765,250.91,,chequing
2024-06-25,Point of Sale - Interac RETAIL PURCHASE 417619320515 CANNABIS STREET,22.36,,chequing
2024-06-24,Point of Sale - Interac RETAIL PURCHASE 000001001954 WALMART STORE #,2.36,,chequing
2024-06-24,Point of Sale - Interac RETAIL PURCHASE 417612393713 MCDONALD'S #400,4.73,,chequing
2024-06-24,Internet Banking E-TRANSFER 011033875793 Biju Mathews,,300.0,chequing
2024-06-24,Point of Sale - Interac RETAIL PURCHASE 000001001262 WALMART STORE #,4.65,,chequing
2024-06-24,Point of Sale - Interac RETAIL PURCHASE 000001001846 WALMART STORE #,11.69,,chequing
2024-06-24,Point of Sale - Visa Debit VISA DEBIT RETAIL PURCHASE GOOGLE *YouTube 417570078411,6.2,,chequing
2024-06-24,Point of Sale - Interac RETAIL PURCHASE 417508356035 MCDONALD'S #186,1.98,,chequing
2024-06-21,Point of Sale - Interac RETAIL PURCHASE 417317300973 OSHAWA - GO TVM,14.0,,chequing
2024-06-21,Point of Sale - Interac RETAIL PURCHASE 000001001155 WALMART STORE #,10.63,,chequing
2024-06-21,Point of Sale - Interac RETAIL PURCHASE 417307391395 MCDONALD'S #400,1.33,,chequing
2024-06-21,Point of Sale - Visa Debit VISA DEBIT RETAIL PURCHASE UBER CANADA/UBE 417304110612,21.31,,chequing
2024-06-21,Electronic Funds Transfer PAY Wage/salary 003 WAL-MART CANADA CORP,,627.49,chequing
2024-06-20,Point of Sale - Interac RETAIL PURCHASE 000001001115 HUDSON'S BAY #1,61.01,,chequing
2024-06-20,Internet Banking INTERNET TRANSFER 000000118084,,50.0,chequing
2024-06-20,Point of Sale - Interac RETAIL PURCHASE 417209449090 MCDONALD'S #400,4.19,,chequing
2024-06-20,Internet Banking E-TRANSFER 105038307510 Tomi,75.0,,chequing
2024-06-20,Internet Banking E-TRANSFER 010984703240 SIDDHARTH APPU,,25.0,chequing
2024-06-19,Point of Sale - Interac RETAIL PURCHASE 000001002239 VALUE VILLAGE #,25.17,,chequing
2024-06-19,Point of Sale - Interac RETAIL PURCHASE 275148026590 SQ *LEGACYTO,33.9,,chequing
2024-06-19,Point of Sale - Interac RETAIL PURCHASE 417012193305 TIM HORTONS #18,1.67,,chequing
2024-06-19,Internet Banking E-TRANSFER 011029261483 SIDDHARTH APPU,,10.5,chequing
2024-06-18,Point of Sale - Visa Debit VISA DEBIT RETAIL PURCHASE AFFIRM CANADA 417010966253,88.14,,chequing
2024-06-18,Point of Sale - Interac RETAIL PURCHASE 001001001451 TWISTED ROOTS C,21.46,,chequing
2024-06-18,Point of Sale - Visa Debit VISA DEBIT RETAIL PURCHASE DOORDASHREETAJR 416922740257,12.33,,chequing
2024-06-17,Point of Sale - Interac RETAIL PURCHASE 416913938455 TIM HORTONS #24,5.64,,chequing
2024-06-17,Point of Sale - Interac RETAIL PURCHASE 000001037061 JUG CITY,9.05,,chequing
2024-06-17,Point of Sale - Interac RETAIL PURCHASE 000001001880 WALMART STORE #,20.35,,chequing
2024-06-17,Point of Sale - Interac RETAIL PURCHASE 416807181827 MCDONALD'S #400,1.67,,chequing
2024-06-17,Point of Sale - Visa Debit VISA DEBIT RETAIL PURCHASE UBER* PENDING 416808622083,19.94,,chequing
2024-06-17,Point of Sale - Interac RETAIL PURCHASE 416606501762 TIM HORTONS #20,3.97,,chequing
2024-06-17,Point of Sale - Interac RETAIL PURCHASE 416706108305 PRES/55GC95SWV8,3.3,,chequing
2024-06-17,Point of Sale - Interac RETAIL PURCHASE 000001001010 WALMART STORE #,14.88,,chequing
2024-06-14,Point of Sale - Interac RETAIL PURCHASE 416616394227 MCDONALD'S #400,2.09,,chequing
2024-06-14,Point of Sale - Interac RETAIL PURCHASE 416610912767 TIM HORTONS #24,3.71,,chequing
2024-06-13,Point of Sale - Interac RETAIL PURCHASE 416514276634 DOLLARAMA # 392,14.92,,chequing
2024-06-13,Internet Banking INTERNET TRANSFER 000000138481,200.0,,chequing
2024-06-12,Point of Sale - Interac RETAIL PURCHASE 001001001659 AGOSTINO'S AND,6.95,,chequing
2024-06-12,Point of Sale - Interac RETAIL PURCHASE 000001446030 ALMOST PERFECT,5.28,,chequing
2024-06-12,Point of Sale - Interac RETAIL PURCHASE 000001001491 WALMART STORE #,3.57,,chequing
2024-06-12,Point of Sale - Interac RETAIL PURCHASE 416407176430 MCDONALD'S #400,3.14,,chequing
2024-06-12,Point of Sale - Visa Debit VISA DEBIT RETAIL PURCHASE UBER CANADA/UBE 416405242189,17.65,,chequing
2024-06-12,Point of Sale - Interac RETAIL PURCHASE 416321301600 WENDY'S #6426,16.7,,chequing
2024-06-11,Internet Banking E-TRANSFER 010978473090 SIDDHARTH APPU,,150.0,chequing
2024-06-11,Automated Banking Machine ATM WITHDRAWAL KING + SIMCOE 4A56,150.0,,chequing
2024-06-10,Point of Sale - Interac RETAIL PURCHASE 416211148892 TIM HORTONS #24,7.89,,chequing
2024-06-10,Internet Banking E-TRANSFER 011022254179 SIDDHARTH APPU,,9.76,chequing
2024-06-10,Point of Sale - Visa Debit VISA DEBIT RETAIL PURCHASE DD/DOORDASHNOFR 416117138627,1.26,,chequing
2024-06-10,Point of Sale - Visa Debit VISA DEBIT RETAIL PURCHASE DD/DOORDASHNOFR 416116313933,29.26,,chequing
2024-06-10,Point of Sale - Interac RETAIL PURCHASE 000001001058 WALMART STORE #,6.15,,chequing
2024-06-10,Point of Sale - Interac RETAIL PURCHASE 416112107994 MCDONALD'S #400,3.14,,chequing
2024-06-10,Point of Sale - Interac RETAIL PURCHASE 000001001841 WALMART STORE #,2.9,,chequing
2024-06-07,Point of Sale - Interac RETAIL PURCHASE 415912366555 TIM HORTONS #24,9.93,,chequing
2024-06-07,Electronic Funds Transfer PAY Wage/salary 003 WAL-MART CANADA CORP,,627.33,chequing
2024-06-06,Internet Banking E-TRANSFER 105022922428 Sidhu,19.26,,chequing
2024-06-06,Internet Banking E-TRANSFER 105022591942 hive vball,25.0,,chequing
2024-06-06,Internet Banking INTERNET TRANSFER 000000113596,,50.0,chequing
2024-06-06,Point of Sale - Interac RETAIL PURCHASE 000052302337 FAMOUS STREET B,16.0,,chequing
2024-06-05,Point of Sale - Interac RETAIL PURCHASE 415714488849 TIM HORTONS #24,6.09,,chequing
2024-06-04,Point of Sale - Interac RETAIL PURCHASE 000010306291 OSHAWA HOUSE CA,5.38,,chequing
2024-06-04,Point of Sale - Interac RETAIL PURCHASE 415615155034 L M TAYLOR SO,112.94,,chequing
2024-06-04,Internet Banking INTERNET TRANSFER 000000108836,,100.0,chequing
2024-06-03,Point of Sale - Interac RETAIL PURCHASE 415515108052 DOLLARAMA #1522,11.51,,chequing
2024-06-03,Point of Sale - Interac RETAIL PURCHASE 415513162092 TIM HORTONS #24,1.92,,chequing
2024-06-03,Internet Banking E-TRANSFER 105018012698 Manickam,500.0,,chequing
2024-06-03,Internet Banking INTERNET TRANSFER 000000133312,,200.0,chequing
2024-06-03,Point of Sale - Interac RETAIL PURCHASE 001001001924 TWISTED ROOTS C,23.72,,chequing
2024-06-03,Internet Banking E-TRANSFER 011016794767 SIDDHARTH APPU,,8.22,chequing
2024-06-03,Point of Sale - Interac RETAIL PURCHASE 000001001826 WALMART STORE #,16.45,,chequing
2024-06-03,Point of Sale - Interac RETAIL PURCHASE 000001001440 WALMART STORE #,5.69,,chequing
2024-06-03,Point of Sale - Interac RETAIL PURCHASE 415408401591 MCDONALD'S #400,3.45,,chequing
2024-06-03,Point of Sale - Visa Debit VISA DEBIT RETAIL PURCHASE UBER* PENDING 415409669575,19.22,,chequing
2024-06-03,Internet Banking E-TRANSFER 105016796047 Sidhu,15.0,,chequing
2024-06-03,Point of Sale - Visa Debit VISA DEBIT RETAIL PURCHASE UBER CANADA/UBE 415316313357,7.28,,chequing
2024-06-03,Point of Sale - Interac RETAIL PURCHASE 000001001874 THE BEER STORE,3.3,,chequing
2024-06-03,Point of Sale - Interac RETAIL PURCHASE 000001001760 WALMART STORE #,4.03,,chequing
2024-06-03,Point of Sale - Visa Debit VISA DEBIT RETAIL PURCHASE UBER CANADA/UBE 415223441725,14.11,,chequing
2024-06-03,Point of Sale - Interac RETAIL PURCHASE 000001001166 WALMART STORE #,7.02,,chequing
2024-05-31,Branch Transaction SERVICE CHARGE DISCOUNT,,16.95,chequing
2024-05-31,Branch Transaction SERVICE CHARGE CAPPED MONTHLY FEE$16.95 RECORD-KEEPING N/A,16.95,,chequing
2024-05-31,Point of Sale - Interac RETAIL PURCHASE 415212293383 TIM HORTONS #24,9.8,,chequing
2024-05-31,Point of Sale - Visa Debit INTL VISA DEB RETAIL PURCHASE OPENAI *CHATGPT 415202759041 22.60 USD @ 1.408407,31.83,,chequing
2024-05-30,Point of Sale - Interac RETAIL PURCHASE 001001001291 ADA*VENDING MAC,4.0,,chequing
2024-05-30,Point of Sale - Interac RETAIL PURCHASE 001001001960 ADA*VENDING MAC,3.0,,chequing
2024-05-29,Internet Banking E-TRANSFER 011011985295 SIDDHARTH APPU,,17.22,chequing
2024-05-29,Point of Sale - Interac RETAIL PURCHASE 001001001596 AGOSTINO'S AND,34.45,,chequing
2024-05-28,Point of Sale - Interac RETAIL PURCHASE 414819182708 OSMOWS SIMCOE S,10.95,,chequing
2024-05-28,Point of Sale - Interac RETAIL PURCHASE 001001001449 MARY JANE'S - O,2.25,,chequing
2024-05-27,Internet Banking E-TRANSFER 105008227464 Sidhu,13.56,,chequing
2024-05-27,Internet Banking E-TRANSFER 011009857885 Siddharth Appu,,4.91,chequing
2024-05-27,Point of Sale - Interac RETAIL PURCHASE 000001001042 WALMART STORE #,9.82,,chequing
2024-05-27,Point of Sale - Interac RETAIL PURCHASE 000001001314 WALMART STORE #,5.99,,chequing
2024-05-27,Point of Sale - Visa Debit VISA DEBIT RETAIL PURCHASE UBER CANADA/UBE 414704137248,18.51,,chequing
2024-05-24,Internet Banking E-TRANSFER 105006091204 Sidhu,24.0,,chequing
2024-05-24,Point of Sale - Interac RETAIL PURCHASE 000001805094 SOBEYS #925,9.76,,chequing
2024-05-24,Point of Sale - Interac RETAIL PURCHASE 9UTZ4V910000 Shelby's 24,14.68,,chequing
2024-05-24,Electronic Funds Transfer PAY Wage/salary 003 WAL-MART CANADA CORP,,639.75,chequing
2024-05-24,Point of Sale - Interac RETAIL PURCHASE C17185853813 USAT_TD632372,3.5,,chequing
2024-05-23,Point of Sale - Interac RETAIL PURCHASE 001001001910 ADA*VENDING MAC,3.0,,chequing
2024-05-23,Point of Sale - Interac RETAIL PURCHASE 000001001501 WALMART STORE #,12.07,,chequing
2024-05-23,Point of Sale - Visa Debit VISA DEBIT RETAIL PURCHASE GOOGLE *YouTube 414413534503,6.2,,chequing
2024-05-23,Point of Sale - Interac RETAIL PURCHASE C22285911164 USAT_TD632372,3.5,,chequing
2024-05-22,Point of Sale - Interac RETAIL PURCHASE 000001790463 FRESHCO #3883,6.45,,chequing
2024-05-21,Electronic Funds Transfer PREAUTHORIZED DEBIT DOB: 1999-11-22 RGIFT6,51.28,,chequing
2024-05-21,Internet Banking INTERNET TRANSFER 000000100053,,50.0,chequing
2024-05-21,Internet Banking E-TRANSFER 105002137550 Sidhu,7.0,,chequing
2024-05-21,Internet Banking E-TRANSFER 011006225261 Siddharth Appu,,11.7,chequing
2024-05-21,Point of Sale - Interac RETAIL PURCHASE 000001001013 WALMART STORE #,23.75,,chequing
2024-05-21,Point of Sale - Interac RETAIL PURCHASE 414211195501 WENDY'S #6697,12.87,,chequing
2024-05-21,Point of Sale - Interac RETAIL PURCHASE 414208291597 MCDONALD'S #400,3.45,,chequing
2024-05-21,Internet Banking INTERNET TRANSFER 000000230941,,50.0,chequing
2024-05-21,Point of Sale - Visa Debit VISA DEBIT RETAIL PURCHASE UBER CANADA/UBE 414204258100,19.4,,chequing
2024-05-21,Internet Banking E-TRANSFER 010960942236 Siddharth Appu,,10.0,chequing
2024-05-21,Point of Sale - Interac RETAIL PURCHASE 001001001629 NORTHERN HELM C,20.34,,chequing
2024-05-21,Internet Banking E-TRANSFER 011005412215 Siddharth Appu,,5.0,chequing
2024-05-21,Point of Sale - Visa Debit VISA DEBIT RETAIL PURCHASE UBER CANADA/UBE 414113370775,9.3,,chequing
2024-05-21,Point of Sale - Interac RETAIL PURCHASE A022ENEO0000 Subway 48132,11.29,,chequing
2024-05-21,Point of Sale - Interac RETAIL PURCHASE 000001730145 FRESHCO #3888,0.99,,chequing
2024-05-21,Point of Sale - Interac RETAIL PURCHASE 000001730132 FRESHCO #3888,3.77,,chequing
2024-05-21,Point of Sale - Interac RETAIL PURCHASE 414013298020 DOLLARAMA # 889,13.56,,chequing
2024-05-21,Point of Sale - Interac RETAIL PURCHASE 000001259050 LCBO/RAO #0152,31.45,,chequing
2024-05-21,Point of Sale - Interac RETAIL PURCHASE 000001001936 ODD BURGER WHIT,13.55,,chequing
2024-05-16,Point of Sale - Visa Debit VISA DEBIT RETAIL PURCHASE AFFIRM CANADA 413715416550,253.37,,chequing
2024-05-15,Point of Sale - Interac RETAIL PURCHASE 000001001135 WALMART STORE #,3.53,,chequing
2024-05-15,Point of Sale - Visa Debit VISA DEBIT RETAIL PURCHASE UBER CANADA/UBE 413604150751,18.64,,chequing
2024-05-14,Point of Sale - Interac RETAIL PURCHASE 000001001599 WALMART STORE #,53.66,,chequing
2024-05-14,Point of Sale - Interac RETAIL PURCHASE 001001001187 AGOSTINO'S AND,23.49,,chequing
2024-05-13,Point of Sale - Interac RETAIL PURCHASE 413415477795 MARK'S STORE #7,54.21,,chequing
2024-05-13,Point of Sale - Interac RETAIL PURCHASE 413319504427 TIM HORTONS #21,2.99,,chequing
2024-05-13,Point of Sale - Interac RETAIL PURCHASE 413319496269 TIM HORTONS #21,5.18,,chequing
2024-05-13,Point of Sale - Interac RETAIL PURCHASE 000001001498 WALMART STORE #,11.06,,chequing
2024-05-13,Point of Sale - Visa Debit VISA DEBIT RETAIL PURCHASE UBER CANADA/UBE 413304281694,19.21,,chequing
2024-05-13,Point of Sale - Visa Debit VISA DEBIT RETAIL PURCHASE UBER CANADA/UBE 413213179940,16.47,,chequing
2024-05-13,Point of Sale - Interac RETAIL PURCHASE 000001001317 THE BEER STORE,3.0,,chequing
2024-05-13,Point of Sale - Interac RETAIL PURCHASE 000001001277 WALMART STORE #,2.7,,chequing
2024-05-13,Point of Sale - Interac RETAIL PURCHASE 000001001489 WALMART STORE #,11.65,,chequing
2024-05-13,Point of Sale - Visa Debit VISA DEBIT RETAIL PURCHASE UBER CANADA/UBE 413204368405,18.7,,chequing
2024-05-10,Point of Sale - Interac RETAIL PURCHASE 991573520510 MISSION THRIFT,9.03,,chequing
2024-05-10,Point of Sale - Interac RETAIL PURCHASE 000076306495 HABIB MEAT AND,25.6,,chequing
2024-05-10,Internet Banking INTERNET TRANSFER 000000228195,76.91,,chequing
2024-05-10,Electronic Funds Transfer PAY Wage/salary 003 WAL-MART CANADA CORP,,749.12,chequing
2024-05-09,Point of Sale - Interac RETAIL PURCHASE 413012188878 MCDONALD'S #400,16.26,,chequing
2024-05-08,Point of Sale - Interac RETAIL PURCHASE 412913473545 TIM HORTONS #24,3.66,,chequing
2024-05-08,Point of Sale - Interac RETAIL PURCHASE 000001001683 WALMART STORE #,6.0,,chequing
2024-05-08,Point of Sale - Interac RETAIL PURCHASE 412907361906 MCDONALD'S #400,5.96,,chequing
2024-05-08,Point of Sale - Visa Debit VISA DEBIT RETAIL PURCHASE UBER CANADA/UBE 412904200112,17.77,,chequing
2024-05-08,Internet Banking INTERNET TRANSFER 000000138272,,50.0,chequing
2024-05-08,Point of Sale - Interac RETAIL PURCHASE 412818313352 DOMINOS PIZZA #,11.29,,chequing
2024-05-07,Point of Sale - Interac RETAIL PURCHASE 915001001007 OSHAWA PUBLIC L,2.0,,chequing
2024-05-07,Point of Sale - Interac RETAIL PURCHASE 000001001913 WALMART STORE #,26.49,,chequing
2024-05-07,Point of Sale - Interac RETAIL PURCHASE 412807389211 MCDONALD'S #400,1.33,,chequing
2024-05-07,Point of Sale - Visa Debit VISA DEBIT RETAIL PURCHASE UBER* PENDING 412808919825,17.59,,chequing
2024-05-06,Point of Sale - Interac RETAIL PURCHASE C56245798422 USAT_TD632372,3.5,,chequing
2024-05-06,Point of Sale - Interac RETAIL PURCHASE 001001001571 AGOSTINO'S AND,11.49,,chequing
2024-05-06,Point of Sale - Visa Debit VISA DEBIT RETAIL PURCHASE Amazon.ca 412652164770,16.9,,chequing
2024-05-06,Internet Banking INTERNET TRANSFER 000000204046,,73.06,chequing
2024-05-06,Point of Sale - Visa Debit VISA DEBIT RETAIL PURCHASE UBER* EATS PEND 412422909286,19.75,,chequing
2024-05-02,Point of Sale - Interac RETAIL PURCHASE 412311162435 DOLLARAMA # 392,13.33,,chequing
2024-05-02,Internet Banking E-TRANSFER 010991506357 Siddharth Appu,,15.5,chequing
2024-05-02,Internet Banking E-TRANSFER 104978733948 Manickam,500.0,,chequing
2024-05-02,Internet Banking INTERNET TRANSFER 000000234771,,500.0,chequing
2024-05-01,Internet Banking E-TRANSFER 104978030580 Sidhu,100.0,,chequing
2024-05-01,Point of Sale - Interac RETAIL PURCHASE 000001001315 WALMART STORE #,9.81,,chequing
2024-05-01,Point of Sale - Visa Debit VISA DEBIT RETAIL PURCHASE REMITLY* K164F 412212064052,253.08,,chequing
2024-05-01,Point of Sale - Interac RETAIL PURCHASE 412208360906 MCDONALD'S #400,2.3,,chequing
2024-05-01,Point of Sale - Visa Debit VISA DEBIT RETAIL PURCHASE UBER CANADA/UBE 412205398320,17.6,,chequing
2024-04-30,Branch Transaction SERVICE CHARGE DISCOUNT,,16.95,chequing
2024-04-30,Branch Transaction SERVICE CHARGE CAPPED MONTHLY FEE$16.95 RECORD-KEEPING N/A,16.95,,chequing
2024-04-30,Point of Sale - Visa Debit VISA DEBIT RETAIL PURCHASE UBER CANADA/UBE 412115351642,9.39,,chequing
2024-04-30,Point of Sale - Interac RETAIL PURCHASE 412113163737 DOLLARAMA # 435,11.15,,chequing
2024-04-30,Point of Sale - Interac RETAIL PURCHASE 412109336442 MCDONALD'S #400,6.77,,chequing
2024-04-30,Point of Sale - Visa Debit VISA DEBIT RETAIL PURCHASE UBER CANADA/UBE 412104205420,16.76,,chequing
2024-04-30,Point of Sale - Interac RETAIL PURCHASE 412023156112 PETRO CANADA006,25.0,,chequing
2024-04-30,Point of Sale - Visa Debit INTL VISA DEB RETAIL PURCHASE CHATGPT SUBSCRI 412102601924 22.60 USD @ 1.402212,31.69,,chequing
2024-04-30,Point of Sale - Interac RETAIL PURCHASE 412018770832 TIM HORTONS #12,3.66,,chequing
2024-04-29,Point of Sale - Interac RETAIL PURCHASE 000001001962 WALMART STORE #,67.81,,chequing
2024-04-29,Point of Sale - Interac RETAIL PURCHASE 411816401764 TIM HORTONS #06,7.88,,chequing
2024-04-29,Point of Sale - Interac RETAIL PURCHASE 000005304005 RUCHI WORLD,5.65,,chequing
2024-04-26,Point of Sale - Interac RETAIL PURCHASE 000001001149 WALMART STORE #,9.79,,chequing
2024-04-26,Point of Sale - Interac RETAIL PURCHASE 411709424377 MCDONALD'S #400,5.96,,chequing
2024-04-26,Point of Sale - Visa Debit VISA DEBIT RETAIL PURCHASE UBER CANADA/UBE 411705304800,19.54,,chequing
2024-04-26,Electronic Funds Transfer PAY Wage/salary 003 WAL-MART CANADA CORP,,631.19,chequing
2024-04-25,Point of Sale - Interac RETAIL PURCHASE 411616406442 CANNABIS STREET,19.2,,chequing
2024-04-25,Point of Sale - Interac RETAIL PURCHASE 000001001014 WALMART STORE #,15.98,,chequing
2024-04-25,Internet Banking INTERNET TRANSFER 000000121669,,50.0,chequing
2024-04-25,Point of Sale - Visa Debit VISA DEBIT RETAIL PURCHASE UBER CANADA/UBE 411519351209,55.57,,chequing
2024-04-24,Point of Sale - Interac RETAIL PURCHASE 000001001240 WALMART STORE #,22.75,,chequing
2024-04-24,Point of Sale - Visa Debit VISA DEBIT RETAIL PURCHASE UBER* PENDING 411510375675,17.5,,chequing
2024-04-23,Point of Sale - Interac RETAIL PURCHASE 411414368656 TIM HORTONS #24,11.29,,chequing
2024-04-23,Point of Sale - Visa Debit VISA DEBIT RETAIL PURCHASE GOOGLE *YouTube 411471353994,6.2,,chequing
2024-04-23,Point of Sale - Visa Debit VISA DEBIT RETAIL PURCHASE Foot Locker Can 411323308422,115.26,,chequing
2024-04-22,Internet Banking INTERNET TRANSFER 000000112007,30.0,,chequing
2024-04-22,Internet Banking E-TRANSFER 104965806637 solomon,6.0,,chequing
2024-04-22,Point of Sale - Interac RETAIL PURCHASE 000001001634 WALMART STORE #,6.36,,chequing
2024-04-22,Point of Sale - Interac RETAIL PURCHASE 411208297052 MCDONALD'S #400,5.15,,chequing
2024-04-22,Point of Sale - Visa Debit VISA DEBIT RETAIL PURCHASE UBER CANADA/UBE 411204235899,21.57,,chequing
2024-04-22,Internet Banking INTERNET TRANSFER 000000112857,843.57,,chequing
2024-04-22,Electronic Funds Transfer DEPOSIT CANADA,,814.13,chequing
2024-04-22,Point of Sale - Interac RETAIL PURCHASE 411019355654 PRESTO UNION ST,10.0,,chequing
2024-04-22,Point of Sale - Interac RETAIL PURCHASE 411019854082 INS MARKET,6.0,,chequing
2024-04-19,Point of Sale - Interac RETAIL PURCHASE 000094303290 BENNYS BARBEQUE,7.91,,chequing
2024-04-19,Point of Sale - Interac RETAIL PURCHASE 411012452088 DURHAM COLLEGE,15.0,,chequing
2024-04-19,Internet Banking E-TRANSFER 104961809688 Tomi,100.0,,chequing
2024-04-17,Point of Sale - Visa Debit VISA DEBIT RETAIL PURCHASE UBER CANADA/UBE 410815177230,3.64,,chequing
2024-04-17,Point of Sale - Interac RETAIL PURCHASE 000001001196 WALMART STORE #,24.25,,chequing
2024-04-16,Point of Sale - Interac RETAIL PURCHASE 410711302207 TIM HORTONS #39,5.45,,chequing
2024-04-15,Point of Sale - Interac RETAIL PURCHASE 410616842763 TIM HORTONS #24,1.92,,chequing
2024-04-15,Point of Sale - Interac RETAIL PURCHASE 410515243632 DOLLARAMA #1522,3.39,,chequing
2024-04-15,Point of Sale - Interac RETAIL PURCHASE 000001175038 LCBO/RAO #432,37.95,,chequing
2024-04-15,Internet Banking INTERNET TRANSFER 000000234954,150.0,,chequing
2024-04-15,Point of Sale - Interac RETAIL PURCHASE 000001001960 WALMART STORE #,4.34,,chequing
2024-04-15,Point of Sale - Interac RETAIL PURCHASE 410507160891 MCDONALD'S #400,5.85,,chequing
2024-04-15,Point of Sale - Visa Debit VISA DEBIT RETAIL PURCHASE UBER CANADA/UBE 410504226742,19.29,,chequing
2024-04-15,Internet Banking E-TRANSFER 104955932242 maya,6.78,,chequing
2024-04-15,Point of Sale - Visa Debit VISA DEBIT RETAIL PURCHASE UBER* PENDING 410421579791,17.39,,chequing
2024-04-15,Point of Sale - Interac RETAIL PURCHASE 000001001497 WALMART STORE #,8.75,,chequing
2024-04-15,Point of Sale - Interac RETAIL PURCHASE 410412330580 MCDONALD'S #400,4.95,,chequing
2024-04-15,Point of Sale - Interac RETAIL PURCHASE 001001001419 AGOSTINO'S AND,41.55,,chequing
2024-04-15,Point of Sale - Interac RETAIL PURCHASE 001001001875 BUD RUNNERS CAN,18.07,,chequing
2024-04-12,Internet Banking E-TRANSFER 104953994652 hemant tax,15.0,,chequing
2024-04-12,Electronic Funds Transfer PAY Wage/salary 003 WAL-MART CANADA CORP,,773.2,chequing
2024-04-10,Point of Sale - Visa Debit VISA DEBIT RETAIL PURCHASE UBER CANADA/UBE 410104219097,17.44,,chequing
2024-04-08,Point of Sale - Interac RETAIL PURCHASE 409814262940 PAPA JOHN'S PIZ,25.98,,chequing
2024-04-08,Point of Sale - Interac RETAIL PURCHASE 000001001107 WALMART STORE #,11.52,,chequing
2024-04-08,Point of Sale - Interac RETAIL PURCHASE 409709132349 MCDONALD'S #400,4.2,,chequing
2024-04-08,Point of Sale - Visa Debit VISA DEBIT RETAIL PURCHASE UBER CANADA/UBE 409704227049,17.35,,chequing
2024-04-05,Point of Sale - Interac RETAIL PURCHASE 409617489596 CANNABIS STREET,28.24,,chequing
2024-04-05,Point of Sale - Interac RETAIL PURCHASE 409610417821 MCDONALD'S #400,5.96,,chequing
2024-04-05,Internet Banking E-TRANSFER 104945292497 hemant tax,40.0,,chequing
2024-04-04,Point of Sale - Interac RETAIL PURCHASE 000001001171 WALMART STORE #,11.99,,chequing
2024-04-04,Point of Sale - Interac RETAIL PURCHASE 000001001146 WALMART STORE #,19.44,,chequing
2024-04-04,Point of Sale - Interac RETAIL PURCHASE 000001001661 WALMART STORE #,5.24,,chequing
2024-04-04,Point of Sale - Interac RETAIL PURCHASE 409508392999 MCDONALD'S #400,5.15,,chequing
2024-04-04,Point of Sale - Visa Debit VISA DEBIT RETAIL PURCHASE UBER CANADA/UBE 409504126026,17.35,,chequing
2024-04-04,Point of Sale - Interac RETAIL PURCHASE 409419820784 UOIT THE SMOOTH,3.39,,chequing
2024-04-03,Point of Sale - Interac RETAIL PURCHASE 000001001003 LUCKY SUPERMARK,8.08,,chequing
2024-04-03,Point of Sale - Interac RETAIL PURCHASE 409409308514 MCDONALD'S #400,2.3,,chequing
2024-04-03,Point of Sale - Interac RETAIL PURCHASE 409409276000 MCDONALD'S #400,1.33,,chequing
2024-04-03,Point of Sale - Visa Debit VISA DEBIT RETAIL PURCHASE UBER CANADA/UBE 409404140141,17.36,,chequing
2024-04-02,Point of Sale - Visa Debit VISA DEBIT PURCHASE REVERSAL UBER CANADA 209312019136,,19.51,chequing
2024-04-02,Internet Banking E-TRANSFER 104941588961 Manickam,500.0,,chequing
2024-04-02,Point of Sale - Interac RETAIL PURCHASE C95762529503 USAT_TD632372,4.0,,chequing
2024-04-01,Point of Sale - Interac RETAIL PURCHASE 001001001962 AGOSTINO'S AND,36.03,,chequing
2024-04-01,Point of Sale - Interac RETAIL PURCHASE 001001001038 SHOPPERS DRUG M,3.94,,chequing
2024-04-01,Point of Sale - Interac RETAIL PURCHASE 001001001215 ADA*VENDING MAC,4.0,,chequing
2024-04-01,Point of Sale - Visa Debit VISA DEBIT RETAIL PURCHASE REMITLY* G3F3B 409112117683,249.31,,chequing
2024-04-01,Point of Sale - Visa Debit INTL VISA DEB RETAIL PURCHASE PLAYSTATIONNETW 409170387767 15.11 CAD @ 1.000000,15.11,,chequing
2024-04-01,Internet Banking E-TRANSFER 010922023786 Siddharth Appu,,14.0,chequing
2024-04-01,Point of Sale - Visa Debit INTL VISA DEB RETAIL PURCHASE CHATGPT SUBSCRI 409102760457 22.60 USD @ 1.390265,31.42,,chequing
2024-04-01,Point of Sale - Visa Debit VISA DEBIT RETAIL PURCHASE UBER CANADA/UBE 409017386819,19.51,,chequing
2024-04-01,Point of Sale - Interac RETAIL PURCHASE 000001001898 WALMART STORE #,16.75,,chequing
2024-04-01,Point of Sale - Interac RETAIL PURCHASE 409015275489 MCDONALD'S #400,6.42,,chequing
2024-04-01,Point of Sale - Interac RETAIL PURCHASE 000001001943 WALMART STORE #,3.15,,chequing
2024-04-01,Point of Sale - Visa Debit VISA DEBIT RETAIL PURCHASE Foot Locker Can 409001315206,101.69,,chequing
2024-04-01,Internet Banking INTERNET TRANSFER 000000227629,600.0,,chequing
2024-04-01,Point of Sale - Visa Debit VISA DEBIT RETAIL PURCHASE IMMIGRATION CAN 408921298698,150.0,,chequing
2024-04-01,Point of Sale - Visa Debit VISA DEBIT RETAIL PURCHASE UBER CANADA/UBE 408915420371,27.39,,chequing
2024-04-01,Internet Banking INTERNET TRANSFER 000000110366,,800.0,chequing
2024-04-01,Point of Sale - Visa Debit VISA DEBIT RETAIL PURCHASE ARUCCMYCREDS ME 408914424894,18.08,,chequing
2024-04-01,Point of Sale - Visa Debit VISA DEBIT RETAIL PURCHASE UBER CANADA/UBE 408901159059,19.65,,chequing
2024-04-01,Internet Banking E-TRANSFER 104936159590 kunjan,450.0,,chequing
2024-04-01,Internet Banking INTERNET TRANSFER 000000231748,300.0,,chequing
2024-03-28,Branch Transaction SERVICE CHARGE DISCOUNT,,16.95,chequing
2024-03-28,Branch Transaction SERVICE CHARGE CAPPED MONTHLY FEE$16.95 RECORD-KEEPING N/A,16.95,,chequing
2024-03-28,Electronic Funds Transfer PAY Wage/salary 003 WAL-MART CANADA CORP,,969.28,chequing
2024-03-28,Point of Sale - Interac RETAIL PURCHASE 000001001085 LUCKY SUPERMARK,14.6,,chequing
2024-03-27,Point of Sale - Interac RETAIL PURCHASE 408715349962 MCDONALD'S #400,8.69,,chequing
2024-03-27,Point of Sale - Interac RETAIL PURCHASE 408712319940 MCDONALD'S #400,1.33,,chequing
2024-03-26,Point of Sale - Visa Debit VISA DEBIT RETAIL PURCHASE ARUCCMYCREDS ME 408615649428,18.08,,chequing
2024-03-26,Internet Banking INTERNET TRANSFER 000000134072,100.0,,chequing
2024-03-26,Point of Sale - Interac RETAIL PURCHASE 408518198604 DOLLARAMA # 531,9.97,,chequing
2024-03-26,Point of Sale - Interac RETAIL PURCHASE 000001443077 CINNABON,5.97,,chequing
2024-03-25,Point of Sale - Interac RETAIL PURCHASE 408517128922 BAR BURRITO OSH,20.32,,chequing
2024-03-25,Point of Sale - Interac RETAIL PURCHASE 408516099549 UOIT THE SMOOTH,10.16,,chequing
2024-03-25,Point of Sale - Interac RETAIL PURCHASE 000001061293 FRESHCO #9587,2.25,,chequing
2024-03-25,Point of Sale - Visa Debit INTL VISA DEB RETAIL PURCHASE PlayStation Net 408403431297 20.33 CAD @ 1.000000,20.33,,chequing
2024-03-25,Point of Sale - Visa Debit VISA DEBIT RETAIL PURCHASE GOOGLE *YouTube 408371625855,6.2,,chequing
2024-03-25,Point of Sale - Visa Debit VISA DEBIT RETAIL PURCHASE UBER CANADA/UBE 408222468573,12.48,,chequing
2024-03-25,Point of Sale - Interac RETAIL PURCHASE 000001001137 WALMART STORE #,28.66,,chequing
2024-03-22,Point of Sale - Interac RETAIL PURCHASE 408216480302 MCDONALD'S #400,3.97,,chequing
2024-03-22,Point of Sale - Interac RETAIL PURCHASE 001001001865 ADA*VENDING MAC,4.0,,chequing
2024-03-22,Point of Sale - Visa Debit VISA DEBIT RETAIL PURCHASE UBER CANADA/UBE 408120394868,27.33,,chequing
2024-03-21,Point of Sale - Interac RETAIL PURCHASE 000001001160 WALMART STORE #,5.23,,chequing
2024-03-21,Point of Sale - Interac RETAIL PURCHASE 408108225943 MCDONALD'S #400,5.15,,chequing
2024-03-21,Point of Sale - Visa Debit VISA DEBIT RETAIL PURCHASE UBER CANADA/UBE 408104427412,21.25,,chequing
2024-03-20,Point of Sale - Interac RETAIL PURCHASE 000001001157 WALMART STORE #,8.1,,chequing
2024-03-20,Point of Sale - Interac RETAIL PURCHASE 408007426358 MCDONALD'S #400,5.93,,chequing
2024-03-20,Point of Sale - Visa Debit VISA DEBIT RETAIL PURCHASE UBER CANADA/UBE 408004141362,17.22,,chequing
2024-03-19,Point of Sale - Interac RETAIL PURCHASE 407913777238 TIM HORTONS #24,3.71,,chequing
2024-03-19,Internet Banking INTERNET TRANSFER 000000130141,200.0,,chequing
2024-03-18,Point of Sale - Interac RETAIL PURCHASE 407817368276 UOIT THE SMOOTH,10.16,,chequing
2024-03-18,Internet Banking E-TRANSFER 104923562421 Kairali,20.0,,chequing
2024-03-18,Point of Sale - Interac RETAIL PURCHASE 407813245299 TIM HORTONS #24,6.87,,chequing
2024-03-18,Internet Banking E-TRANSFER 104923537757 Sidhu,7.0,,chequing
2024-03-18,Electronic Funds Transfer DEPOSIT GIC-22037071 CIBC ISBO,,717.8,chequing
2024-03-18,Internet Banking E-TRANSFER 104922961791 Sidhu,140.0,,chequing
2024-03-18,Point of Sale - Interac RETAIL PURCHASE 000001001878 WALMART STORE #,35.06,,chequing
2024-03-18,Point of Sale - Interac RETAIL PURCHASE 407708156760 MCDONALD'S #400,5.93,,chequing
2024-03-18,Point of Sale - Visa Debit VISA DEBIT RETAIL PURCHASE UBER* PENDING 407708807224,19.35,,chequing
2024-03-18,Point of Sale - Interac RETAIL PURCHASE 000001001347 WALMART STORE #,5.63,,chequing
2024-03-18,Point of Sale - Interac RETAIL PURCHASE 407608462803 MCDONALD'S #400,5.15,,chequing
2024-03-18,Point of Sale - Visa Debit VISA DEBIT RETAIL PURCHASE UBER CANADA/UBE 407604212426,19.12,,chequing
2024-03-18,Point of Sale - Interac RETAIL PURCHASE 407518237188 OSMOWS SIMCOE S,19.07,,chequing
2024-03-15,Point of Sale - Interac RETAIL PURCHASE 000001001047 WALMART STORE #,14.3,,chequing
2024-03-15,Point of Sale - Interac RETAIL PURCHASE 407511498057 MCDONALD'S #400,2.09,,chequing
2024-03-15,Point of Sale - Interac RETAIL PURCHASE 407508163915 MCDONALD'S #400,5.15,,chequing
2024-03-15,Point of Sale - Visa Debit VISA DEBIT RETAIL PURCHASE UBER CANADA/UBE 407504499868,19.26,,chequing
2024-03-15,Electronic Funds Transfer PAY Wage/salary 003 WAL-MART CANADA CORP,,940.6,chequing
2024-03-14,Point of Sale - Interac RETAIL PURCHASE 000001001321 WALMART STORE #,16.71,,chequing
2024-03-14,Point of Sale - Interac RETAIL PURCHASE 000001001669 WALMART STORE #,4.97,,chequing
2024-03-14,Point of Sale - Interac RETAIL PURCHASE 407408323320 MCDONALD'S #400,4.2,,chequing
2024-03-14,Point of Sale - Visa Debit VISA DEBIT RETAIL PURCHASE UBER CANADA/UBE 407404418680,19.16,,chequing
2024-03-14,Electronic Funds Transfer PAY 1000011968 HOURLY PAYROLL,,234.67,chequing
2024-03-13,Point of Sale - Interac RETAIL PURCHASE 000001001291 WALMART STORE #,3.93,,chequing
2024-03-13,Point of Sale - Interac RETAIL PURCHASE 407307409637 MCDONALD'S #400,5.96,,chequing
2024-03-13,Point of Sale - Visa Debit VISA DEBIT RETAIL PURCHASE UBER* PENDING 407308502462,19.12,,chequing
2024-03-13,Point of Sale - Interac RETAIL PURCHASE 001001001646 DYLAN'S NF OSHA,33.96,,chequing
2024-03-12,Point of Sale - Interac RETAIL PURCHASE 407118084110 TIM HORTONS #24,3.14,,chequing
2024-03-11,Point of Sale - Interac RETAIL PURCHASE C01088654343 USAT_TD462661,4.0,,chequing
2024-03-11,Internet Banking E-TRANSFER 104915412448 Sidhu,20.0,,chequing
2024-03-11,Point of Sale - Interac RETAIL PURCHASE 407011424229 MCDONALD'S #400,7.45,,chequing
2024-03-11,Point of Sale - Interac RETAIL PURCHASE 407009354967 MCDONALD'S #400,1.33,,chequing
2024-03-11,Point of Sale - Interac RETAIL PURCHASE 000001001539 WALMART STORE #,3.15,,chequing
2024-03-11,Point of Sale - Visa Debit VISA DEBIT RETAIL PURCHASE UBER CANADA/UBE 407004124387,21.34,,chequing
2024-03-11,Point of Sale - Interac RETAIL PURCHASE 001001001724 AGOSTINO'S AND,3.69,,chequing
2024-03-11,Point of Sale - Interac RETAIL PURCHASE 406913718141 TIM HORTONS #19,1.67,,chequing
2024-03-11,Point of Sale - Interac RETAIL PURCHASE 406912116530 DOLLARAMA # 562,4.88,,chequing
2024-03-08,Point of Sale - Visa Debit VISA DEBIT RETAIL PURCHASE UBER CANADA/UBE 406814476559,3.08,,chequing
2024-03-08,Point of Sale - Interac RETAIL PURCHASE 000001001698 WALMART STORE #,4.76,,chequing
2024-03-08,Point of Sale - Interac RETAIL PURCHASE 406808194512 MCDONALD'S #400,1.33,,chequing
2024-03-08,Point of Sale - Visa Debit VISA DEBIT RETAIL PURCHASE UBER CANADA/UBE 406804246878,19.21,,chequing
2024-03-08,Internet Banking INTERNET BILL PAY 000000117752 DURHAM COLLEGE - TUITION,4262.6,,chequing
2024-03-07,Point of Sale - Interac RETAIL PURCHASE 406716479701 OTU MAREK CAFE,12.43,,chequing
2024-03-07,Internet Banking E-TRANSFER 010905016558 ANJAL SHIJUMOONJELY,,450.0,chequing
2024-03-07,Electronic Funds Transfer PAY 1000011492 HOURLY PAYROLL,,234.69,chequing
2024-03-07,Internet Banking INTERNET BILL PAY 000000239969 DURHAM COLLEGE - TUITION,3500.0,,chequing
2024-03-07,Internet Banking E-TRANSFER 010904614452 TOMIN PAUL,,2000.0,chequing
2024-03-06,Point of Sale - Interac RETAIL PURCHASE 000001001307 WALMART STORE #,6.58,,chequing
2024-03-06,Point of Sale - Interac RETAIL PURCHASE 406611276720 MCDONALD'S #400,9.59,,chequing
2024-03-06,Point of Sale - Visa Debit VISA DEBIT RETAIL PURCHASE UBER CANADA/UBE 406605415763,17.82,,chequing
2024-03-06,Internet Banking INTERNET TRANSFER 000000209437,,3701.79,chequing
2024-03-05,Point of Sale - Interac RETAIL PURCHASE 001001001138 AGOSTINO'S AND,15.9,,chequing
2024-03-05,Internet Banking E-TRANSFER 010903671350 Joyal John,,1000.0,chequing
2024-03-05,Point of Sale - Interac RETAIL PURCHASE 001001001373 PICOCOOLER,8.15,,chequing
2024-03-04,Point of Sale - Visa Debit VISA DEBIT RETAIL PURCHASE UBER CANADA/UBE 406414390630,7.01,,chequing
2024-03-04,Point of Sale - Interac RETAIL PURCHASE 000001001018 WALMART STORE #,8.22,,chequing
2024-03-04,Point of Sale - Interac RETAIL PURCHASE 406410387063 MCDONALD'S #400,6.96,,chequing
2024-03-04,Point of Sale - Visa Debit VISA DEBIT RETAIL PURCHASE UBER CANADA/UBE 406404290854,19.13,,chequing
2024-03-04,Point of Sale - Interac RETAIL PURCHASE 000001001474 WALMART STORE #,12.09,,chequing
2024-03-04,Point of Sale - Interac RETAIL PURCHASE 406312258507 MCDONALD'S #400,11.73,,chequing
2024-03-04,Point of Sale - Interac RETAIL PURCHASE 000001001802 WALMART STORE #,3.15,,chequing
2024-03-04,Point of Sale - Interac RETAIL PURCHASE 406309313494 MCDONALD'S #400,1.33,,chequing
2024-03-04,Point of Sale - Visa Debit VISA DEBIT RETAIL PURCHASE UBER CANADA/UBE 406305410452,19.19,,chequing
2024-03-04,Point of Sale - Interac RETAIL PURCHASE 197001001153 ULTRAMAR #32599,3.38,,chequing
2024-03-04,Point of Sale - Interac RETAIL PURCHASE 000001001163 WALMART STORE #,35.88,,chequing
2024-03-04,Point of Sale - Interac RETAIL PURCHASE 406209431612 MCDONALD'S #400,1.88,,chequing
2024-03-04,Point of Sale - Visa Debit CORRECTION UBER CANADA/UBE 406205488261,,17.68,chequing
2024-03-04,Point of Sale - Visa Debit VISA DEBIT RETAIL PURCHASE UBER CANADA/UBE 406205140257,17.68,,chequing
2024-03-04,Point of Sale - Visa Debit VISA DEBIT RETAIL PURCHASE UBER CANADA/UBE 406205488261,17.68,,chequing
2024-03-04,Internet Banking E-TRANSFER 104904869110 Manickam,500.0,,chequing
2024-03-04,Point of Sale - Interac RETAIL PURCHASE 001001001104 ADA*VENDING MAC,2.75,,chequing
2024-03-01,Point of Sale - Visa Debit VISA DEBIT RETAIL PURCHASE UBER CANADA/UBE 406114316722,7.04,,chequing
2024-03-01,Point of Sale - Visa Debit VISA DEBIT RETAIL PURCHASE REMITLY* D209E 406112015729,251.41,,chequing
2024-03-01,Electronic Funds Transfer PAY Wage/salary 003 WAL-MART CANADA CORP,,681.62,chequing
2024-03-01,Internet Banking E-TRANSFER 104902347686 Siddharth Appu,,15.0,chequing
2024-02-29,Branch Transaction SERVICE CHARGE DISCOUNT,,16.95,chequing
2024-02-29,Branch Transaction SERVICE CHARGE CAPPED MONTHLY FEE$16.95 RECORD-KEEPING N/A,16.95,,chequing
2024-02-29,Internet Banking INTERNET TRANSFER 000000116955,497.77,,chequing
2024-02-29,Point of Sale - Interac RETAIL PURCHASE 000001001037 WALMART STORE #,2.09,,chequing
2024-02-29,Point of Sale - Interac RETAIL PURCHASE 406008140103 MCDONALD'S #400,1.67,,chequing
2024-02-29,Point of Sale - Visa Debit VISA DEBIT RETAIL PURCHASE UBER CANADA/UBE 406004325461,19.21,,chequing
2024-02-29,Point of Sale - Visa Debit INTL VISA DEB RETAIL PURCHASE CHATGPT SUBSCRI 406002701461 22.60 USD @ 1.395133,31.53,,chequing
2024-02-28,Point of Sale - Interac RETAIL PURCHASE 000001001991 WALMART STORE #,25.32,,chequing
2024-02-28,Point of Sale - Interac RETAIL PURCHASE 000001001524 WALMART STORE #,9.56,,chequing
2024-02-28,Point of Sale - Interac RETAIL PURCHASE 405909456796 MCDONALD'S #400,1.67,,chequing
2024-02-28,Point of Sale - Visa Debit VISA DEBIT RETAIL PURCHASE UBER* PENDING 405909274551,18.09,,chequing
2024-02-28,Point of Sale - Visa Debit VISA DEBIT RETAIL PURCHASE UBER CANADA/UBE 405818148491,13.88,,chequing
2024-02-27,Point of Sale - Interac RETAIL PURCHASE C10285328681 USAT_TD460691,3.5,,chequing
2024-02-27,Point of Sale - Interac RETAIL PURCHASE C01285702483 USAT_TD460691,5.5,,chequing
2024-02-27,Point of Sale - Interac RETAIL PURCHASE C01285715553 USAT_TD460691,3.5,,chequing
2024-02-26,Point of Sale - Interac RETAIL PURCHASE 000001001724 WALMART STORE #,9.36,,chequing
2024-02-26,Point of Sale - Interac RETAIL PURCHASE 000001001148 WALMART STORE #,14.22,,chequing
2024-02-26,Point of Sale - Visa Debit VISA DEBIT RETAIL PURCHASE UBER CANADA/UBE 405704162974,20.1,,chequing
2024-02-26,Internet Banking INTERNET TRANSFER 000000105755,100.0,,chequing
2024-02-26,Point of Sale - Interac RETAIL PURCHASE 000001001157 VALUE VILLAGE #,20.88,,chequing
2024-02-26,Point of Sale - Interac RETAIL PURCHASE 000001001872 WALMART STORE #,11.47,,chequing
2024-02-26,Point of Sale - Interac RETAIL PURCHASE 405611312193 WENDY'S #6697,10.84,,chequing
2024-02-26,Internet Banking INTERNET TRANSFER 000000139559,33.96,,chequing
2024-02-23,Point of Sale - Visa Debit VISA DEBIT RETAIL PURCHASE UBER* EATS PEND 405420926518,18.61,,chequing
2024-02-23,Point of Sale - Interac RETAIL PURCHASE 405413035423 TIM HORTONS #26,4.66,,chequing
2024-02-23,Point of Sale - Interac RETAIL PURCHASE 405412345208 MCDONALD'S #400,8.69,,chequing
2024-02-23,Point of Sale - Visa Debit VISA DEBIT RETAIL PURCHASE UBER CANADA/UBE 405404194458,20.18,,chequing
2024-02-23,Electronic Funds Transfer PAY 1000010756 HOURLY PAYROLL,,748.26,chequing
2024-02-22,Point of Sale - Visa Debit CORRECTION UBER CANADA/UBE 405304215721,,1.14,chequing
2024-02-22,Point of Sale - Interac RETAIL PURCHASE 405310316015 MCDONALD'S #400,8.11,,chequing
2024-02-22,Point of Sale - Interac RETAIL PURCHASE 405307111291 MCDONALD'S #400,1.67,,chequing
2024-02-22,Point of Sale - Visa Debit VISA DEBIT RETAIL PURCHASE UBER CANADA/UBE 405304157721,19.7,,chequing
2024-02-22,Point of Sale - Visa Debit VISA DEBIT RETAIL PURCHASE UBER CANADA/UBE 405304215721,1.14,,chequing
2024-02-22,Point of Sale - Interac RETAIL PURCHASE 001001001530 AGOSTINO'S AND,18.35,,chequing
2024-02-21,Point of Sale - Interac RETAIL PURCHASE 405215464192 WENDY'S #6697,10.39,,chequing
2024-02-21,Point of Sale - Interac RETAIL PURCHASE 405214163875 MCDONALD'S #400,4.19,,chequing
2024-02-21,Point of Sale - Interac RETAIL PURCHASE 000001001906 WALMART STORE #,4.14,,chequing
2024-02-20,Point of Sale - Interac RETAIL PURCHASE 404910723100 TIM HORTONS #18,1.92,,chequing
2024-02-20,Point of Sale - Interac RETAIL PURCHASE 001001001301 MARY JANE'S - O,23.87,,chequing
2024-02-20,Point of Sale - Interac RETAIL PURCHASE 404914394757 UOIT THE SMOOTH,3.67,,chequing
2024-02-20,Point of Sale - Interac RETAIL PURCHASE 404822378402 SHELL C81180,20.0,,chequing
2024-02-20,Point of Sale - Interac RETAIL PURCHASE 001001001958 AGOSTINO'S AND,19.52,,chequing
2024-02-20,Point of Sale - Visa Debit VISA DEBIT RETAIL PURCHASE UBER CANADA/UBE 404718139530,40.44,,chequing
2024-02-16,Point of Sale - Interac RETAIL PURCHASE 001001001802 ADA*VENDING MAC,2.75,,chequing
2024-02-16,Point of Sale - Interac RETAIL PURCHASE 001001001801 ADA*VENDING MAC,2.75,,chequing
2024-02-16,Point of Sale - Interac RETAIL PURCHASE 001001001619 ADA*VENDING MAC,2.75,,chequing
2024-02-16,Point of Sale - Visa Debit CORRECTION UBER CANADA/UBE 404706193747,,7.63,chequing
2024-02-16,Point of Sale - Visa Debit VISA DEBIT RETAIL PURCHASE UBER CANADA/UBE 404706224372,7.66,,chequing
2024-02-16,Point of Sale - Visa Debit VISA DEBIT RETAIL PURCHASE UBER CANADA/UBE 404706193747,7.63,,chequing
2024-02-16,Electronic Funds Transfer PAY Wage/salary 003 WAL-MART CANADA CORP,,404.23,chequing
2024-02-15,Point of Sale - Interac RETAIL PURCHASE 001001001769 ADA*VENDING MAC,2.75,,chequing
2024-02-15,Point of Sale - Interac RETAIL PURCHASE 001001001171 PICOCOOLER,8.15,,chequing
2024-02-15,Point of Sale - Interac RETAIL PURCHASE 001001001759 ADA*VENDING MAC,2.75,,chequing
2024-02-15,Point of Sale - Interac RETAIL PURCHASE 001001001757 ADA*VENDING MAC,2.75,,chequing
2024-02-15,Point of Sale - Visa Debit VISA DEBIT RETAIL PURCHASE UBER* PENDING 404611538338,7.54,,chequing
2024-02-14,Point of Sale - Interac RETAIL PURCHASE 404514727463 TIM HORTONS #26,1.92,,chequing
2024-02-14,Point of Sale - Interac RETAIL PURCHASE 000001001271 WALMART STORE #,47.02,,chequing
2024-02-14,Point of Sale - Interac RETAIL PURCHASE 000001001507 WALMART STORE #,3.58,,chequing
2024-02-14,Point of Sale - Interac RETAIL PURCHASE 404508263215 MCDONALD'S #400,0.32,,chequing
2024-02-13,Point of Sale - Interac RETAIL PURCHASE 001001001692 ADA*VENDING MAC,2.75,,chequing
2024-02-13,Point of Sale - Interac RETAIL PURCHASE 001001001691 ADA*VENDING MAC,2.75,,chequing
2024-02-13,Point of Sale - Interac RETAIL PURCHASE 001001001140 PICOCOOLER,7.06,,chequing
2024-02-13,Point of Sale - Visa Debit VISA DEBIT RETAIL PURCHASE UBER* PENDING 404412557303,7.69,,chequing
2024-02-12,Point of Sale - Interac RETAIL PURCHASE 404316692442 TIM HORTONS #24,1.92,,chequing
2024-02-12,Point of Sale - Interac RETAIL PURCHASE 001576507509 ADARIA,5.1,,chequing
2024-02-12,Point of Sale - Interac RETAIL PURCHASE 001576507508 ADARIA,8.79,,chequing
2024-02-12,Point of Sale - Interac RETAIL PURCHASE 001001001660 ADA*VENDING MAC,2.75,,chequing
2024-02-12,Point of Sale - Interac RETAIL PURCHASE 404220265769 YORK CINEMAS,9.33,,chequing
2024-02-12,Point of Sale - Interac RETAIL PURCHASE 404211103182 MCDONALD'S #400,12.63,,chequing
2024-02-12,Point of Sale - Interac RETAIL PURCHASE 404209294648 MCDONALD'S #400,1.67,,chequing
2024-02-12,Point of Sale - Interac RETAIL PURCHASE 000001001300 WALMART STORE #,4.97,,chequing
2024-02-12,Point of Sale - Interac RETAIL PURCHASE 404111420257 MCDONALD'S #400,8.46,,chequing
2024-02-12,Point of Sale - Interac RETAIL PURCHASE 404107499990 MCDONALD'S #400,1.67,,chequing
2024-02-12,Point of Sale - Visa Debit VISA DEBIT RETAIL PURCHASE UBER* PENDING 404109454126,19.56,,chequing
2024-02-09,Point of Sale - Interac RETAIL PURCHASE 001001001605 ADA*VENDING MAC,3.0,,chequing
2024-02-09,Point of Sale - Interac RETAIL PURCHASE 404013994441 TIM HORTONS #24,2.51,,chequing
2024-02-09,Point of Sale - Interac RETAIL PURCHASE 404012482666 PRES/5D6D52V762,4.35,,chequing
2024-02-09,Point of Sale - Interac RETAIL PURCHASE 001001001121 AGOSTINO'S AND,35.56,,chequing
2024-02-08,Point of Sale - Interac RETAIL PURCHASE 403917538087 TIM HORTONS #24,11.52,,chequing
2024-02-08,Point of Sale - Interac RETAIL PURCHASE 000001001787 VALUE VILLAGE #,27.66,,chequing
2024-02-08,Internet Banking E-TRANSFER 104878197282 Siddharth Appu,,15.0,chequing
2024-02-08,Electronic Funds Transfer PAY 1000009825 HOURLY PAYROLL,,234.69,chequing
2024-02-07,Internet Banking E-TRANSFER 104876857748 insaf,2.0,,chequing
2024-02-07,Point of Sale - Interac RETAIL PURCHASE 000001001773 WALMART STORE #,84.67,,chequing
2024-02-07,Point of Sale - Interac RETAIL PURCHASE 403718441041 MCDONALD'S # 40,2.09,,chequing
2024-02-06,Point of Sale - Interac RETAIL PURCHASE 403714310583 UOIT THE SMOOTH,8.19,,chequing
2024-02-06,Internet Banking INTERNET TRANSFER 000000130184,10.0,,chequing
2024-02-05,Point of Sale - Interac RETAIL PURCHASE 403611246207 MCDONALD'S #400,6.09,,chequing
2024-02-05,Point of Sale - Interac RETAIL PURCHASE 000001001866 WALMART STORE #,3.15,,chequing
2024-02-05,Point of Sale - Interac RETAIL PURCHASE 403513268093 TIM HORTONS #26,3.14,,chequing
2024-02-05,Point of Sale - Interac RETAIL PURCHASE 000001001514 WALMART STORE #,34.87,,chequing
2024-02-05,Point of Sale - Interac RETAIL PURCHASE 403511235095 MCDONALD'S #400,4.19,,chequing
2024-02-05,Point of Sale - Interac RETAIL PURCHASE 000001001686 WALMART STORE #,1.79,,chequing
2024-02-05,Point of Sale - Interac RETAIL PURCHASE 403413790391 TIM HORTONS #26,2.93,,chequing
2024-02-05,Point of Sale - Interac RETAIL PURCHASE 000001001398 WALMART STORE #,17.26,,chequing
2024-02-05,Point of Sale - Interac RETAIL PURCHASE 403411297766 MCDONALD'S #400,4.84,,chequing
2024-02-05,Point of Sale - Interac RETAIL PURCHASE 403409419727 MCDONALD'S #400,6.84,,chequing
2024-02-05,Point of Sale - Interac RETAIL PURCHASE 001001001475 ADA*VENDING MAC,2.75,,chequing
2024-02-05,Point of Sale - Interac RETAIL PURCHASE 001001001472 ADA*VENDING MAC,2.75,,chequing
2024-02-02,Point of Sale - Interac RETAIL PURCHASE 001001001465 ADA*VENDING MAC,3.5,,chequing
2024-02-02,Point of Sale - Interac RETAIL PURCHASE 001001001464 ADA*VENDING MAC,2.75,,chequing
2024-02-02,Internet Banking INTERNET TRANSFER 000000126673,1400.0,,chequing
2024-02-02,Electronic Funds Transfer PAY Wage/salary 003 WAL-MART CANADA CORP,,505.12,chequing
2024-02-02,Internet Banking E-TRANSFER 104871098371 Manickam,500.0,,chequing
2024-02-01,Point of Sale - Interac RETAIL PURCHASE 403217788984 TIM HORTONS #24,4.19,,chequing
2024-02-01,Point of Sale - Interac RETAIL PURCHASE C29139410904 USAT_TD580213,3.5,,chequing
2024-02-01,Point of Sale - Visa Debit VISA DEBIT RETAIL PURCHASE REMITLY* K7FE 403215081674,248.21,,chequing
2024-02-01,Branch Transaction DEPOSIT IBB CIBC ELECTRONIC BANKING OPERAT,,730.0,chequing
2024-01-31,Branch Transaction SERVICE CHARGE DISCOUNT,,16.95,chequing
2024-01-31,Branch Transaction SERVICE CHARGE CAPPED MONTHLY FEE$16.95 RECORD-KEEPING N/A,16.95,,chequing
2024-01-31,Point of Sale - Interac RETAIL PURCHASE 403114074021 TIM HORTONS #26,1.92,,chequing
2024-01-31,Point of Sale - Interac RETAIL PURCHASE 000001001269 WALMART STORE #,52.3,,chequing
2024-01-31,Point of Sale - Visa Debit INTL VISA DEB RETAIL PURCHASE CHATGPT SUBSCRI 403101299488 22.60 USD @ 1.378761,31.16,,chequing
2024-01-30,Point of Sale - Interac RETAIL PURCHASE 403010365006 TIM HORTONS #24,6.58,,chequing
2024-01-29,Point of Sale - Interac RETAIL PURCHASE 402915033828 TIM HORTONS #24,1.92,,chequing
2024-01-29,Point of Sale - Interac RETAIL PURCHASE 402718621143 TIM HORTONS #18,1.92,,chequing
2024-01-29,Point of Sale - Interac RETAIL PURCHASE 402818243659 DOLLARAMA #1522,19.87,,chequing
2024-01-29,Point of Sale - Interac RETAIL PURCHASE 001001001767 ADA*VENDING MAC,2.5,,chequing
2024-01-29,Point of Sale - Interac RETAIL PURCHASE 001001001766 ADA*VENDING MAC,2.5,,chequing
2024-01-26,Point of Sale - Interac RETAIL PURCHASE 402616533340 DOMINOS PIZZA #,19.2,,chequing
2024-01-26,Point of Sale - Interac RETAIL PURCHASE 402420072695 TIM HORTONS #18,1.77,,chequing
2024-01-26,Point of Sale - Interac RETAIL PURCHASE 402419037576 TIM HORTONS #18,1.92,,chequing
2024-01-25,Point of Sale - Interac RETAIL PURCHASE 402407592913 TIM HORTONS #26,2.93,,chequing
2024-01-25,Point of Sale - Interac RETAIL PURCHASE 000001001177 WALMART STORE #,13.15,,chequing
2024-01-25,Point of Sale - Interac RETAIL PURCHASE 000001001575 WALMART STORE #,7.63,,chequing
2024-01-25,Point of Sale - Interac RETAIL PURCHASE 402422246182 MCDONALD'S #186,1.98,,chequing
2024-01-24,Point of Sale - Interac RETAIL PURCHASE 000001001975 WALMART STORE #,23.53,,chequing
2024-01-23,Point of Sale - Interac RETAIL PURCHASE 402308556759 TIM HORTONS #24,1.98,,chequing
2024-01-23,Point of Sale - Interac RETAIL PURCHASE 402120435650 TIM HORTONS #18,6.77,,chequing
2024-01-23,Point of Sale - Interac RETAIL PURCHASE 402118411362 TIM HORTONS #18,5.45,,chequing
2024-01-19,Internet Banking INTERNET TRANSFER 000000137948,1000.0,,chequing
2024-01-19,Electronic Funds Transfer PAY Wage/salary 003 WAL-MART CANADA CORP,,660.27,chequing
2024-01-18,Electronic Funds Transfer PAY 1000008583 HOURLY PAYROLL,,438.06,chequing
2024-01-17,Internet Banking E-TRANSFER 104853103190 kailas,50.0,,chequing
2024-01-17,Point of Sale - Visa Debit VISA DEBIT RETAIL PURCHASE DC - ATHLETICS 401639862245,20.0,,chequing
2024-01-11,Electronic Funds Transfer PAY 1000008182 HOURLY PAYROLL,,231.97,chequing
2024-01-11,Point of Sale - Interac RETAIL PURCHASE 401018719811 TIM HORTONS #24,3.8,,chequing
2024-01-08,Internet Banking E-TRANSFER 104841958493 Taksh,1.87,,chequing
2024-01-05,Electronic Funds Transfer PAY Wage/salary 003 WAL-MART CANADA CORP,,712.48,chequing
2024-01-05,Electronic Funds Transfer PAY 1000007955 HOURLY PAYROLL,,425.05,chequing
2024-01-04,Point of Sale - Visa Debit VISA DEBIT RETAIL PURCHASE REMITLY* SE57 400403129100,245.93,,chequing
2024-01-04,Internet Banking INTERNET TRANSFER 000000130926,200.0,,chequing
2024-01-03,Branch Transaction DEPOSIT IBB CIBC ELECTRONIC BANKING OPERAT,,730.0,chequing
2024-01-02,Internet Banking E-TRANSFER 104836523251 Libin,20.0,,chequing
2024-01-02,Internet Banking INTERNET TRANSFER 000000105152,441.35,,chequing
2024-01-02,Point of Sale - Interac RETAIL PURCHASE 336307308600 TIM HORTONS #26,4.72,,chequing
2023-12-29,Branch Transaction SERVICE CHARGE DISCOUNT,,16.95,chequing
2023-12-29,Branch Transaction SERVICE CHARGE CAPPED MONTHLY FEE$16.95 RECORD-KEEPING N/A,16.95,,chequing
2023-12-29,Internet Banking INTERNET TRANSFER 000000204329,10.0,,chequing
2023-12-29,Point of Sale - Interac RETAIL PURCHASE 336207796712 TIM HORTONS #26,1.77,,chequing
2023-12-29,Electronic Funds Transfer PAY 1000007556 HOURLY PAYROLL,,880.31,chequing
2023-12-27,Point of Sale - Interac RETAIL PURCHASE 336112960592 BK #2632,3.14,,chequing
2023-12-27,Internet Banking E-TRANSFER 104828238781 Dan,2000.0,,chequing
2023-12-27,Internet Banking E-TRANSFER 104828229611 Siddharth Appu,,500.0,chequing
2023-12-27,Internet Banking INTERNET TRANSFER 000000128002,,100.0,chequing
2023-12-27,Internet Banking E-TRANSFER 104826625521 Ravi,45.0,,chequing
2023-12-27,Point of Sale - Interac RETAIL PURCHASE 335713202838 KUNG PAO WOK,23.05,,chequing
2023-12-27,Point of Sale - Interac RETAIL PURCHASE 275112339432 SQ *HEARTH PLAC,7.0,,chequing
2023-12-27,Point of Sale - Interac RETAIL PURCHASE 000958567069 MIND GAMES OSHA,84.72,,chequing
2023-12-27,Point of Sale - Interac RETAIL PURCHASE 000958548944 MIND GAMES OSHA,23.15,,chequing
2023-12-22,Electronic Funds Transfer PAY Wage/salary 003 WAL-MART CANADA CORP,,392.41,chequing
2023-12-21,Electronic Funds Transfer PAY 1000007081 HOURLY PAYROLL,,441.21,chequing
2023-12-18,Point of Sale - Interac RETAIL PURCHASE 335215722410 TIM HORTONS #19,5.85,,chequing
2023-12-18,Internet Banking E-TRANSFER 104817907663 ajith,18.75,,chequing
2023-12-18,"Point of Sale - Interac RETAIL PURCHASE 000002320449 NIRVANA, THE FL",101.7,,chequing
2023-12-18,Point of Sale - Interac RETAIL PURCHASE 000001097026 FRESHCO 9585,12.38,,chequing
2023-12-18,Point of Sale - Interac RETAIL PURCHASE 001001001919 ADA*VENDING MAC,3.0,,chequing
2023-12-15,Point of Sale - Interac RETAIL PURCHASE 000001099122 FRESHCO 9585,26.57,,chequing
2023-12-14,Point of Sale - Interac RETAIL PURCHASE 334807075029 TIM HORTONS #16,5.74,,chequing
2023-12-14,Internet Banking INTERNET TRANSFER 000000106018,339.93,,chequing
2023-12-14,Point of Sale - Interac RETAIL PURCHASE 000001001463 WALMART STORE #,7.16,,chequing
2023-12-14,Point of Sale - Interac RETAIL PURCHASE 000001001851 WALMART STORE #,1.49,,chequing
2023-12-14,Electronic Funds Transfer PAY 1000006595 HOURLY PAYROLL,,435.81,chequing
2023-12-13,Point of Sale - Interac RETAIL PURCHASE 000001097048 FRESHCO 9585,23.1,,chequing
2023-12-12,Internet Banking INTERNET TRANSFER 000000211793,400.0,,chequing
2023-12-11,Internet Banking INTERNET TRANSFER 000000228096,74.14,,chequing
2023-12-11,Point of Sale - Interac RETAIL PURCHASE 001001001232 ADA*VENDING MAC,2.75,,chequing
2023-12-08,Point of Sale - Interac RETAIL PURCHASE 001001001228 ADA*VENDING MAC,2.75,,chequing
2023-12-08,Point of Sale - Interac RETAIL PURCHASE 000001092085 FRESHCO 9585,23.22,,chequing
2023-12-08,Internet Banking INTERNET TRANSFER 000000115493,159.99,,chequing
2023-12-07,Point of Sale - Interac RETAIL PURCHASE 334122110343 BUDGET BUD OSHA,6.34,,chequing
2023-12-07,Electronic Funds Transfer PAY 1000006169 HOURLY PAYROLL,,545.77,chequing
2023-12-06,Point of Sale - Interac RETAIL PURCHASE 334017904731 TIM HORTONS #19,6.53,,chequing
2023-12-06,Internet Banking INTERNET TRANSFER 000000216483,159.32,,chequing
2023-12-06,Point of Sale - Interac RETAIL PURCHASE 000001001145 WALMART STORE #,5.96,,chequing
2023-12-05,Point of Sale - Interac RETAIL PURCHASE 000001083242 FRESHCO 9585,26.12,,chequing
2023-12-05,Branch Transaction DEPOSIT IBB CIBC ELECTRONIC BANKING OPERAT,,730.0,chequing
2023-12-05,Point of Sale - Visa Debit VISA DEBIT RETAIL PURCHASE REMITLY* P4F1 333901106043,249.56,,chequing
2023-12-04,Point of Sale - Interac RETAIL PURCHASE 000001090191 FRESHCO 9585,21.33,,chequing
2023-12-04,Point of Sale - Interac RETAIL PURCHASE 333607953885 TIM HORTONS #26,2.93,,chequing
2023-12-04,Point of Sale - Interac RETAIL PURCHASE 000001001474 WALMART STORE #,27.69,,chequing
2023-12-01,Internet Banking INTERNET TRANSFER 000000236277,10.0,,chequing
2023-12-01,Internet Banking INTERNET TRANSFER 000000235853,17.78,,chequing
2023-11-30,Branch Transaction SERVICE CHARGE DISCOUNT,,16.95,chequing
2023-11-30,Branch Transaction SERVICE CHARGE CAPPED MONTHLY FEE$16.95 RECORD-KEEPING N/A,16.95,,chequing
2023-11-30,Electronic Funds Transfer PAY 1000005685 HOURLY PAYROLL,,355.93,chequing
2023-11-30,Point of Sale - Interac RETAIL PURCHASE 000001001671 THE BEER STORE,9.95,,chequing
2023-11-30,Point of Sale - Interac RETAIL PURCHASE 000001083311 FRESHCO 9585,10.62,,chequing
2023-11-29,Point of Sale - Interac RETAIL PURCHASE 000001085290 FRESHCO 9585,13.3,,chequing
2023-11-28,Point of Sale - Interac RETAIL PURCHASE 000001082063 FRESHCO 9585,54.28,,chequing
2023-11-28,Internet Banking INTERNET TRANSFER 000000233914,18.67,,chequing
2023-11-27,Point of Sale - Interac RETAIL PURCHASE 001001001513 PICOCOOLER,8.7,,chequing
2023-11-27,Point of Sale - Interac RETAIL PURCHASE 001001001564 ADA*VENDING MAC,3.0,,chequing
2023-11-27,Point of Sale - Interac RETAIL PURCHASE 332912176013 PRESSE CAFE,8.87,,chequing
2023-11-27,Point of Sale - Interac RETAIL PURCHASE 332917116322 SH VENDING80036,2.25,,chequing
2023-11-27,Point of Sale - Interac RETAIL PURCHASE 332912139123 PRESSE CAFE,8.75,,chequing
2023-11-24,Point of Sale - Interac RETAIL PURCHASE 001001001490 PICOCOOLER,7.7,,chequing
2023-11-24,Electronic Funds Transfer PAY Wage/salary 003 WAL-MART CANADA CORP,,131.81,chequing
2023-11-23,Point of Sale - Interac RETAIL PURCHASE 332712286211 #362 SPORT CHEK,43.49,,chequing
2023-11-23,Internet Banking E-TRANSFER 104788899506 Joyal,2000.0,,chequing
2023-11-23,Electronic Funds Transfer PAY 1000005324 HOURLY PAYROLL,,380.95,chequing
2023-11-23,Point of Sale - Interac RETAIL PURCHASE 332619829724 UOIT THE SMOOTH,10.16,,chequing
2023-11-21,Point of Sale - Interac RETAIL PURCHASE 332516129422 UOIT THE SMOOTH,7.9,,chequing
2023-11-20,Point of Sale - Interac RETAIL PURCHASE 001001001910 ADA*VENDING MAC,2.75,,chequing
2023-11-20,Point of Sale - Interac RETAIL PURCHASE 332315144831 PRESTO UNION ST,3.35,,chequing
2023-11-20,Point of Sale - Interac RETAIL PURCHASE 332219529163 YOGEN FRUZ OSHA,7.35,,chequing
2023-11-17,Point of Sale - Interac RETAIL PURCHASE 000001001295 THE BEER STORE,3.75,,chequing
2023-11-17,Point of Sale - Interac RETAIL PURCHASE 000001070248 FRESHCO 9585,48.18,,chequing
2023-11-16,Internet Banking INTERNET TRANSFER 000000204851,200.0,,chequing
2023-11-16,Electronic Funds Transfer PAY 1000005036 HOURLY PAYROLL,,190.54,chequing
2023-11-16,Electronic Funds Transfer PAY 1000004826 HOURLY PAYROLL,,809.53,chequing
2023-11-16,Point of Sale - Interac RETAIL PURCHASE 331918593441 TIM HORTONS #24,2.61,,chequing
2023-11-14,Point of Sale - Interac RETAIL PURCHASE 331816950995 TIM HORTONS #19,12.74,,chequing
2023-11-14,Point of Sale - Interac RETAIL PURCHASE 000001069261 FRESHCO 9585,36.79,,chequing
2023-11-14,Point of Sale - Interac RETAIL PURCHASE 000001016042 LCBO/RAO #0378,48.9,,chequing
2023-11-14,Point of Sale - Interac RETAIL PURCHASE 001001001315 ADA*VENDING MAC,2.5,,chequing
2023-11-14,Point of Sale - Interac RETAIL PURCHASE 001001001314 ADA*VENDING MAC,2.75,,chequing
2023-11-14,Point of Sale - Interac RETAIL PURCHASE 000001064232 FRESHCO 9585,3.38,,chequing
2023-11-10,Electronic Funds Transfer PAY Wage/salary 003 WAL-MART CANADA CORP,,609.82,chequing
2023-11-10,Point of Sale - Interac RETAIL PURCHASE 001001001275 ADA*VENDING MAC,3.5,,chequing
2023-11-10,Point of Sale - Interac RETAIL PURCHASE 001001001274 ADA*VENDING MAC,2.75,,chequing
2023-11-09,Point of Sale - Interac RETAIL PURCHASE 001001001642 ADA*VENDING MAC,2.5,,chequing
2023-11-09,Point of Sale - Interac RETAIL PURCHASE 001001001641 ADA*VENDING MAC,2.75,,chequing
2023-11-09,Point of Sale - Interac RETAIL PURCHASE 001001001254 ADA*VENDING MAC,2.75,,chequing
2023-11-09,Point of Sale - Interac RETAIL PURCHASE C29859600373 USAT_TD600897,3.5,,chequing
2023-11-09,Point of Sale - Interac RETAIL PURCHASE 001001001252 ADA*VENDING MAC,2.5,,chequing
2023-11-08,Point of Sale - Interac RETAIL PURCHASE 001001001248 ADA*VENDING MAC,2.75,,chequing
2023-11-08,Point of Sale - Interac RETAIL PURCHASE 000001062077 FRESHCO 9585,24.24,,chequing
2023-11-08,Point of Sale - Interac RETAIL PURCHASE C55552989644 USAT_TD600897,3.5,,chequing
2023-11-07,Point of Sale - Interac RETAIL PURCHASE 001001001228 ADA*VENDING MAC,2.75,,chequing
2023-11-07,Internet Banking E-TRANSFER 104771592285 Tomi,400.0,,chequing
2023-11-07,Branch Transaction DEPOSIT IBB CIBC ELECTRONIC BANKING OPERAT,,730.0,chequing
2023-11-07,Point of Sale - Visa Debit VISA DEBIT RETAIL PURCHASE FIDO MACC 331179915259,57.63,,chequing
2023-11-07,Point of Sale - Interac RETAIL PURCHASE 001001001219 ADA*VENDING MAC,2.75,,chequing
2023-11-06,Electronic Funds Transfer PREAUTHORIZED DEBIT DOB: 1999-11-22 REMITLY CANADA,249.56,,chequing
2023-11-06,Point of Sale - Interac RETAIL PURCHASE 330916855428 TIM HORTONS #19,3.66,,chequing
2023-11-06,Point of Sale - Interac RETAIL PURCHASE 330907276395 TIM HORTONS #16,2.61,,chequing
2023-11-06,Point of Sale - Interac RETAIL PURCHASE 000001001731 WALMART STORE #,5.6,,chequing
2023-11-03,Point of Sale - Interac RETAIL PURCHASE 330715696393 TIM HORTONS #19,7.65,,chequing
2023-11-02,Point of Sale - Interac RETAIL PURCHASE 330615096680 TIM HORTONS #24,3.66,,chequing
2023-11-02,Point of Sale - Interac RETAIL PURCHASE 290001001101 KFC #1374,8.79,,chequing
2023-11-01,Point of Sale - Interac RETAIL PURCHASE 000001001240 WALMART STORE #,5.77,,chequing
2023-11-01,Internet Banking INTERNET TRANSFER 000000200210,300.0,,chequing
2023-10-31,Branch Transaction SERVICE CHARGE DISCOUNT,,16.95,chequing
2023-10-31,Branch Transaction SERVICE CHARGE CAPPED MONTHLY FEE$16.95 RECORD-KEEPING N/A,16.95,,chequing
2023-10-31,Point of Sale - Interac RETAIL PURCHASE 330318385716 TIM HORTONS #24,1.67,,chequing
2023-10-30,Point of Sale - Interac RETAIL PURCHASE 000001053001 FRESHCO 9585,7.29,,chequing
2023-10-30,Point of Sale - Interac RETAIL PURCHASE 000001055238 FRESHCO 9585,31.8,,chequing
2023-10-27,Internet Banking INTERNET TRANSFER 000000100686,14.05,,chequing
2023-10-27,Point of Sale - Interac RETAIL PURCHASE 330013470596 TIM HORTONS #19,4.95,,chequing
2023-10-27,Point of Sale - Interac RETAIL PURCHASE 330012424001 NEW YORK FRIES,10.16,,chequing
2023-10-27,Point of Sale - Interac RETAIL PURCHASE 330012246337 #362 SPORT CHEK,54.24,,chequing
2023-10-27,Electronic Funds Transfer PAY Wage/salary 003 WAL-MART CANADA CORP,,976.34,chequing
2023-10-25,Point of Sale - Visa Debit VISA DEBIT RETAIL PURCHASE REMITLY* G96A 329813251019,248.94,,chequing
2023-10-19,Internet Banking E-TRANSFER 104748760100 Yash Mahadik,,3.37,chequing
2023-10-16,Point of Sale - Interac RETAIL PURCHASE 000001001054 THE BEER STORE,17.95,,chequing
2023-10-16,Internet Banking E-TRANSFER 104744270505 Tomi,400.0,,chequing
2023-10-16,Internet Banking INTERNET TRANSFER 000000122194,800.0,,chequing
2023-10-13,Electronic Funds Transfer PAY Wage/salary 003 WAL-MART CANADA CORP,,487.59,chequing
2023-10-12,Point of Sale - Interac RETAIL PURCHASE 328417155139 TIM HORTONS #19,9.92,,chequing
2023-10-12,Point of Sale - Interac RETAIL PURCHASE 328418568636 TIM HORTONS #24,5.45,,chequing
2023-10-11,Point of Sale - Interac RETAIL PURCHASE 328417517668 TIM HORTONS #24,1.05,,chequing
2023-10-11,Internet Banking INTERNET TRANSFER 000000225973,17.5,,chequing
2023-10-11,Branch Transaction DEPOSIT IBB CIBC ELECTRONIC BANKING OPERAT,,730.0,chequing
2023-10-11,Point of Sale - Interac RETAIL PURCHASE 000001001988 WALMART STORE #,3.37,,chequing
2023-10-11,Point of Sale - Interac RETAIL PURCHASE 000001001986 WALMART STORE #,4.83,,chequing
2023-10-11,Point of Sale - Interac RETAIL PURCHASE 000001034268 FRESHCO 9585,33.77,,chequing
2023-10-11,Internet Banking INTERNET DEPOSIT 000000108835,,171.89,chequing
2023-10-11,Internet Banking INTERNET DEPOSIT 000000107879,,23.79,chequing
2023-10-10,Point of Sale - Interac RETAIL PURCHASE 328317926650 TIM HORTONS #19,2.97,,chequing
2023-10-10,Point of Sale - Interac RETAIL PURCHASE 328208124731 TIM HORTONS #19,6.19,,chequing
2023-10-10,Point of Sale - Visa Debit VISA DEBIT RETAIL PURCHASE FIDO MACC 328179124788,56.5,,chequing
2023-10-10,Point of Sale - Interac RETAIL PURCHASE 000001001831 WALMART STORE #,9.94,,chequing
2023-10-10,Point of Sale - Interac RETAIL PURCHASE 327907458633 TIM HORTONS #26,5.63,,chequing
2023-10-05,Point of Sale - Interac RETAIL PURCHASE 000001032127 FRESHCO 9585,17.72,,chequing
2023-10-05,Point of Sale - Interac RETAIL PURCHASE 327718758904 TIM HORTONS #24,2.97,,chequing
2023-10-04,Point of Sale - Interac RETAIL PURCHASE 327717710701 TIM HORTONS #24,1.05,,chequing
2023-10-03,Point of Sale - Interac RETAIL PURCHASE 327607638872 TIM HORTONS #16,5.63,,chequing
2023-10-03,Point of Sale - Interac RETAIL PURCHASE 000001001555 WALMART STORE #,5.4,,chequing
2023-10-03,Point of Sale - Interac RETAIL PURCHASE 000001001466 WALMART STORE #,142.24,,chequing
2023-10-03,Point of Sale - Interac RETAIL PURCHASE 000001027252 FRESHCO 9585,4.72,,chequing
2023-10-03,Point of Sale - Interac RETAIL PURCHASE 000001001028 WALMART STORE #,16.57,,chequing
2023-10-03,Point of Sale - Interac RETAIL PURCHASE 327219191813 MCDONALD'S #400,4.08,,chequing
2023-09-29,Branch Transaction SERVICE CHARGE DISCOUNT,,16.95,chequing
2023-09-29,Branch Transaction SERVICE CHARGE CAPPED MONTHLY FEE$16.95 RECORD-KEEPING N/A,16.95,,chequing
2023-09-29,Point of Sale - Interac RETAIL PURCHASE 327216145731 MCDONALD'S #400,3.03,,chequing
2023-09-28,Point of Sale - Interac RETAIL PURCHASE A44Q226E0000 Subway,12.31,,chequing
2023-09-28,Point of Sale - Interac RETAIL PURCHASE 000001001406 WALMART STORE #,2.57,,chequing
2023-09-26,Point of Sale - Interac RETAIL PURCHASE 326912130887 TIM HORTONS #24,7.89,,chequing
2023-09-26,Point of Sale - Interac RETAIL PURCHASE 000001022117 FRESHCO 9585,26.78,,chequing
2023-09-26,Point of Sale - Interac RETAIL PURCHASE 326818715299 TIM HORTONS #24,8.22,,chequing
2023-09-25,Point of Sale - Interac RETAIL PURCHASE 326813530141 TIM HORTONS #24,3.45,,chequing
2023-09-25,Point of Sale - Interac RETAIL PURCHASE 000001001491 THE BEER STORE,15.95,,chequing
2023-09-25,Internet Banking INTERNET DEPOSIT 000000119898,,785.79,chequing
2023-09-25,Internet Banking INTERNET DEPOSIT 000000103248,,179.34,chequing
2023-09-25,Point of Sale - Interac RETAIL PURCHASE 000001001483 THE BEER STORE,2.95,,chequing
2023-09-22,Point of Sale - Interac RETAIL PURCHASE 326512524171 TIM HORTONS #16,4.18,,chequing
2023-09-21,Point of Sale - Interac RETAIL PURCHASE 000001018075 FRESHCO 9585,22.22,,chequing
2023-09-21,Point of Sale - Interac RETAIL PURCHASE 001001001188 ADA*VENDING MAC,4.25,,chequing
2023-09-19,Point of Sale - Interac RETAIL PURCHASE C09845995103 USAT_TD580213,4.25,,chequing
2023-09-19,Point of Sale - Interac RETAIL PURCHASE 326212401369 TIM HORTONS #24,2.4,,chequing
2023-09-19,Internet Banking E-TRANSFER 104714155040 Siddharth Appu,,100.0,chequing
2023-09-19,Point of Sale - Interac RETAIL PURCHASE 000001015253 FRESHCO 9585,7.07,,chequing
2023-09-19,Point of Sale - Interac RETAIL PURCHASE 000001101076 LCBO/RAO #753,42.45,,chequing
2023-09-19,Internet Banking INTERNET TRANSFER 000000116184,,20.0,chequing
2023-09-18,Point of Sale - Interac RETAIL PURCHASE 326115878536 TIM HORTONS #24,9.84,,chequing
2023-09-18,Point of Sale - Interac RETAIL PURCHASE 000001013058 FRESHCO 9585,9.11,,chequing
2023-09-15,Point of Sale - Interac RETAIL PURCHASE 325710674724 TIM HORTONS #26,5.64,,chequing
2023-09-15,Point of Sale - Interac RETAIL PURCHASE 000001001136 WALMART STORE #,0.37,,chequing
2023-09-15,Point of Sale - Interac RETAIL PURCHASE 000001001135 WALMART STORE #,6.0,,chequing
2023-09-14,Internet Banking INTERNET TRANSFER 000000114484,,50.0,chequing
2023-09-13,Internet Banking INTERNET TRANSFER 000000123544,800.0,,chequing
2023-09-12,Branch Transaction DEPOSIT IBB CIBC ELECTRONIC BANKING OPERAT,,730.0,chequing
2023-09-11,Internet Banking INTERNET BILL PAY 000000214425 DURHAM COLLEGE - TUITION,4000.0,,chequing
2023-09-11,Internet Banking INTERNET TRANSFER 000000213923,,600.0,chequing
2023-09-11,Internet Banking INTERNET DEPOSIT 000000123537,,774.74,chequing
2023-09-08,Point of Sale - Visa Debit VISA DEBIT RETAIL PURCHASE FIDO MACC 325192245067,45.2,,chequing
2023-09-07,Internet Banking E-TRANSFER 104700855923 JOYAL JOHN,,2000.0,chequing
2023-09-01,Internet Banking INTERNET DEPOSIT 000000219334,,469.85,chequing
2023-08-31,Branch Transaction SERVICE CHARGE DISCOUNT,,6.95,chequing
2023-08-31,Branch Transaction SERVICE CHARGE ADD TXN$0.00;MONTHLY$6.95 RECORD-KEEPING N/A,6.95,,chequing
2023-08-31,Internet Banking INTERNET TRANSFER 000000228312,80.09,,chequing
2023-08-30,Internet Banking INTERNET BILL PAY 000000112561 DURHAM COLLEGE - TUITION,3000.0,,chequing
2023-08-30,Internet Banking INTERNET TRANSFER 000000128284,,2000.0,chequing
2023-08-30,Internet Banking INTERNET TRANSFER 000000239015,10.0,,chequing
2023-08-28,Internet Banking INTERNET DEPOSIT 000000217941,,469.85,chequing
2023-08-25,Point of Sale - Visa Debit INT VISA DEB PURCHASE REVERSAL IC* INSTACART 323516202526 17.30 CAD @ 1.000000,,17.3,chequing
2023-08-25,Point of Sale - Visa Debit INTL VISA DEB RETAIL PURCHASE IC* INSTACART 323516202526 16.81 CAD @ 1.000000,16.81,,chequing
2023-08-23,Point of Sale - Visa Debit VISA DEBIT RETAIL PURCHASE IC* INSTACART 323516202526,17.3,,chequing
2023-08-16,Internet Banking INTERNET TRANSFER 000000208701,250.0,,chequing
2023-08-15,Branch Transaction DEPOSIT IBB CIBC ELECTRONIC BANKING OPERAT,,730.0,chequing
2023-07-31,Branch Transaction SERVICE CHARGE DISCOUNT,,6.95,chequing
2023-07-31,Branch Transaction SERVICE CHARGE ADD TXN$0.00;MONTHLY$6.95 RECORD-KEEPING N/A,6.95,,chequing
2023-07-31,Internet Banking INTERNET TRANSFER 000000115917,500.0,,chequing
2023-07-31,Internet Banking INTERNET TRANSFER 000000115387,214.31,,chequing
2023-07-31,Internet Banking INTERNET TRANSFER 000000107327,10.0,,chequing
2023-07-18,Branch Transaction DEPOSIT IBB CIBC ELECTRONIC BANKING OPERAT,,730.0,chequing
2023-07-10,Internet Banking E-TRANSFER 104634658822 Sidhu,100.0,,chequing
2023-07-10,Point of Sale - Visa Debit VISA DEBIT RETAIL PURCHASE FIDO MACC 318994983980,45.62,,chequing
2023-06-30,Branch Transaction SERVICE CHARGE DISCOUNT,,6.95,chequing
2023-06-30,Branch Transaction SERVICE CHARGE ADD TXN$0.00;MONTHLY$6.95 RECORD-KEEPING N/A,6.95,,chequing
2023-06-27,Internet Banking INTERNET TRANSFER 000000102758,310.33,,chequing
2023-06-23,Internet Banking INTERNET TRANSFER 000000133903,300.0,,chequing
2023-06-22,Branch Transaction DEPOSIT IBB CIBC ELECTRONIC BANKING OPERAT,,730.0,chequing
2023-06-16,Internet Banking INTERNET TRANSFER 000000107042,500.0,,chequing
2023-06-13,Point of Sale - Visa Debit VISA DEBIT RETAIL PURCHASE FIDO MACC 316491141204,48.49,,chequing
2023-05-31,Branch Transaction SERVICE CHARGE DISCOUNT,,6.95,chequing
2023-05-31,Branch Transaction SERVICE CHARGE ADD TXN$0.00;MONTHLY$6.95 RECORD-KEEPING N/A,6.95,,chequing
2023-05-29,Internet Banking INTERNET TRANSFER 000000117409,243.79,,chequing
2023-05-25,Branch Transaction DEPOSIT IBB CIBC ELECTRONIC BANKING OPERAT,,730.0,chequing
2023-05-23,Internet Banking E-TRANSFER 104571300839 Sidhu,300.0,,chequing
2023-05-03,Internet Banking INTERNET TRANSFER 000000111852,200.0,,chequing
